coord_sys_code,coord_axis_name_code,coord_axis_orientation,coord_axis_abbreviation,uom_code,coord_axis_order
4400,9906,east,E,9001,1
4400,9907,north,N,9001,2
4401,9906,east,E,9062,1
4401,9907,north,N,9062,2
4402,9906,east,E,9042,1
4402,9907,north,N,9042,2
4403,9906,east,E,9005,1
4403,9907,north,N,9005,2
4404,9906,east,E,9094,1
4404,9907,north,N,9094,2
4405,9906,east,E,9041,1
4405,9907,north,N,9041,2
4406,9906,east,X,9036,1
4406,9907,north,Y,9036,2
4407,9906,east,E,9039,1
4407,9907,north,N,9039,2
4408,9906,east,E,9084,1
4408,9907,north,N,9084,2
4409,9906,east,E,9040,1
4409,9907,north,N,9040,2
4410,9906,east,E,9301,1
4410,9907,north,N,9301,2
4462,9906,South along 180 deg,X,9001,1
4462,9907,South along 90 deg West,Y,9001,2
4463,9906,South along 100 deg East,X,9001,1
4463,9907,South along 170 deg West,Y,9001,2
4464,9906,South along 90 deg West,X,9001,1
4464,9907,South along 0 deg,Y,9001,2
4465,9906,South along 50 deg East,X,9001,1
4465,9907,South along 140 deg East,Y,9001,2
4466,9906,South along 10 deg West,X,9001,1
4466,9907,South along 80 deg East,Y,9001,2
4467,9906,South along 60 deg West,X,9001,1
4467,9907,South along 30 deg East,Y,9001,2
4468,9906,South along 45 deg East,X,9001,1
4468,9907,South along 135 deg East,Y,9001,2
4469,9906,South along 90 deg East,X,9001,1
4469,9907,South along 180 deg,Y,9001,2
4470,9906,North along 90 deg East,X,9001,1
4470,9907,North along 0 deg,Y,9001,2
4471,9906,North along 75 deg West,E,9001,1
4471,9907,North along 165 deg West,N,9001,2
4472,9906,North along 60 deg West,E,9001,1
4472,9907,North along 150 deg West,N,9001,2
4473,9906,North along 45 deg West,E,9001,1
4473,9907,North along 135 deg West,N,9001,2
4474,9906,North along 15 deg West,E,9001,1
4474,9907,North along 105 deg West,N,9001,2
4475,9906,North along 0 deg,E,9001,1
4475,9907,North along 90 deg West,N,9001,2
4476,9906,North along 15 deg East,E,9001,1
4476,9907,North along 75 deg West,N,9001,2
4477,9906,North along 45 deg East,E,9001,1
4477,9907,North along 45 deg West,N,9001,2
4478,9906,North along 60 deg East,E,9001,1
4478,9907,North along 30 deg West,N,9001,2
4479,9906,North along 75 deg East,E,9001,1
4479,9907,North along 15 deg West,N,9001,2
4480,9906,North along 105 deg East,E,9001,1
4480,9907,North along 15 deg East,N,9001,2
4481,9906,North along 120 deg East,E,9001,1
4481,9907,North along 30 deg East,N,9001,2
4482,9906,North along 135 deg East,E,9001,1
4482,9907,North along 45 deg East,N,9001,2
4483,9906,North along 165 deg East,E,9001,1
4483,9907,North along 75 deg East,N,9001,2
4484,9906,North along 180 deg,E,9001,1
4484,9907,North along 90 deg East,N,9001,2
4485,9906,North along 165 deg West,E,9001,1
4485,9907,North along 105 deg East,N,9001,2
4486,9906,North along 135 deg West,E,9001,1
4486,9907,North along 135 deg East,N,9001,2
4487,9906,North along 120 deg West,E,9001,1
4487,9907,North along 150 deg East,N,9001,2
4488,9906,North along 105 deg West,E,9001,1
4488,9907,North along 165 deg East,N,9001,2
4489,9906,North along 160 deg East,E,9001,1
4489,9907,North along 70 deg East,N,9001,2
4490,9906,North along 90 deg East,E,9001,1
4490,9907,North along 0 deg,N,9001,2
4491,9907,north,N,9001,2
4491,9908,west,W,9001,1
4492,9913,North along 130 deg West,X,9001,1
4492,9914,North along 140 deg East,Y,9001,2
4493,9906,South along 90 deg East,E,9001,2
4493,9907,South along 180 deg,N,9001,1
4494,9906,North along 90 deg East,E,9001,2
4494,9907,North along 0 deg,N,9001,1
4495,9906,east,X,9002,1
4495,9907,north,Y,9002,2
4496,9906,east,E(X),9001,1
4496,9907,north,N(Y),9001,2
4497,9906,east,X,9003,1
4497,9907,north,Y,9003,2
4498,9906,east,Y,9001,1
4498,9907,north,X,9001,2
4499,9906,east,X,9001,1
4499,9907,north,Y,9001,2
4500,9906,east,E,9001,2
4500,9907,north,N,9001,1
4501,9907,north,N,9001,1
4501,9908,west,E,9001,2
4502,9906,east,E,9005,2
4502,9907,north,N,9005,1
4530,9906,east,Y,9001,2
4530,9907,north,X,9001,1
4531,9906,east,y,9001,2
4531,9907,north,x,9001,1
4532,9906,east,X,9001,2
4532,9907,north,Y,9001,1
4533,9906,east,Y,9098,2
4533,9907,north,X,9098,1
4534,9906,east,none,9001,2
4534,9907,north,none,9001,1
6401,9901,north,Lat,9108,1
6401,9902,east,Long,9108,2
6401,9903,up,h,9001,3
6402,9901,north,Lat,9108,1
6402,9902,east,Long,9108,2
6403,9901,north,Lat,9105,1
6403,9902,east,Long,9105,2
6404,9926,north,Lat,9122,1
6404,9927,east,Long,9122,2
6404,9928,up,R,9001,3
6405,9901,north,Lat,9102,1
6405,9902,east,Long,9102,2
6406,9901,north,Lat,9116,1
6406,9902,east,Long,9116,2
6407,9901,north,Lat,9117,1
6407,9902,east,Long,9117,2
6408,9901,north,Lat,9115,1
6408,9902,east,Long,9115,2
6409,9901,north,Lat,9118,1
6409,9902,east,Long,9118,2
6410,9901,north,Lat,9119,1
6410,9902,east,Long,9119,2
6411,9901,north,Lat,9107,1
6411,9902,east,Long,9107,2
6412,9901,north,Lat,9120,1
6412,9902,east,Long,9120,2
6413,9901,north,Lat,9102,1
6413,9902,east,Long,9102,2
6413,9903,up,h,9001,3
6414,9901,north,Lat,9116,1
6414,9902,east,Long,9116,2
6414,9903,up,h,9001,3
6415,9901,north,Lat,9117,1
6415,9902,east,Long,9117,2
6415,9903,up,h,9001,3
6416,9901,north,Lat,9115,1
6416,9902,east,Long,9115,2
6416,9903,up,h,9001,3
6417,9901,north,Lat,9118,1
6417,9902,east,Long,9118,2
6417,9903,up,h,9001,3
6418,9901,north,Lat,9119,1
6418,9902,east,Long,9119,2
6418,9903,up,h,9001,3
6419,9901,north,Lat,9107,1
6419,9902,east,Long,9107,2
6419,9903,up,h,9001,3
6420,9901,north,Lat,9120,1
6420,9902,east,Long,9120,2
6420,9903,up,h,9001,3
6421,9901,north,Lat,9105,1
6421,9902,east,Long,9105,2
6421,9903,up,h,9001,3
6422,9901,north,Lat,9122,1
6422,9902,east,Long,9122,2
6423,9901,north,Lat,9122,1
6423,9902,east,Long,9122,2
6423,9903,up,h,9001,3
6496,9904,up,H,9095,1
6497,9904,up,H,9003,1
6498,9905,down,D,9001,1
6499,9904,up,H,9001,1
6500,9910,Geocentre > equator/PM,X,9001,1
6500,9911,Geocentre > equator/90dE,Y,9001,2
6500,9912,Geocentre > north pole,Z,9001,3
6501,9908,west,Y,9001,2
6501,9909,south,X,9001,1
6502,9908,west,Y,9031,1
6502,9909,south,X,9031,2
6503,9908,west,Y,9001,1
6503,9909,south,X,9001,2
6504,9918,north-east,e,9001,2
6504,9919,north-west,n,9001,1
6505,9913,north-west,n,9001,1
6505,9914,north-east,e,9001,2
6506,9913,east-south-east,I,9205,1
6506,9914,north-north-east,J,9204,2
6507,9913,north,X,9001,1
6507,9914,west,Y,9001,2
6508,9920,east south east,I,9208,2
6508,9921,north north east,J,9209,1
6509,9908,west,M,9001,2
6509,9909,south,P,9001,1
6510,9918,north-east,x,9001,1
6510,9919,north-west,y,9001,2
6511,9922,Along receiver lines,I,9208,1
6511,9923,Across receiver lines,J,9209,2
